{
  "reprojection_error": 0.36429603580740916,
  "image_size": [
    640,
    480
  ],
  "camera_matrix": [
    [
      644.2227769076275,
      0.0,
      326.57042550011136
    ],
    [
      0.0,
      651.0558604232151,
      182.55270371661055
    ],
    [
      0.0,
      0.0,
      1.0
    ]
  ],
  "dist_coeffs": [
    0.2632671294819104,
    -0.8732559618534531,
    -0.04196861591886911,
    0.004479928004379021,
    1.9901115845459856
  ],
  "fx": 644.2227769076275,
  "fy": 651.0558604232151,
  "cx": 326.57042550011136,
  "cy": 182.55270371661055,
  "timestamp": "2026-07-07 09:35:26"
}