{
  "reprojection_error": 0.08476471483755114,
  "image_size": [
    640,
    480
  ],
  "camera_matrix": [
    [
      607.1834679302362,
      0.0,
      325.3133151498865
    ],
    [
      0.0,
      607.8695969101117,
      239.59668487106154
    ],
    [
      0.0,
      0.0,
      1.0
    ]
  ],
  "dist_coeffs": [
    0.06889109497659669,
    0.315864626791812,
    -0.0012648040591522706,
    0.00129870419786015,
    -1.7193833787709436
  ],
  "fx": 607.1834679302362,
  "fy": 607.8695969101117,
  "cx": 325.3133151498865,
  "cy": 239.59668487106154,
  "timestamp": "2026-07-17 09:41:07"
}